Grant_Name,Organization,Deadline,Amount_Range,Focus_Areas,Requirements,Application_URL,Relevance_Score,Why_Good_Fit,Application_Status
Ethereum Foundation Academic Grants,Ethereum Foundation,2025-03-31,$50000-500000,"Research,Infrastructure,Education","Academic affiliation or research focus",https://esp.ethereum.foundation/academic-grants,9/10,"AI Symphony research into consensus mechanisms and zkEVM optimization",Not Applied
Gitcoin Grants Round 20,Gitcoin,2025-02-28,$5000-100000,"Public Goods,Open Source,Community","Open source project with community impact",https://grants.gitcoin.co,10/10,"Perfect match for helping people help people mission with proven impact",Not Applied
Protocol Labs Open Grants,Protocol Labs,2025-06-30,$25000-250000,"IPFS,Filecoin,libp2p,Research","Technical project advancing decentralized web",https://github.com/protocol/research-grants,8/10,"Decentralized storage integration for AI model distribution",Not Applied
Near Foundation Grants,Near Protocol,2025-12-31,$10000-500000,"AI,DeFi,NFTs,Gaming","Live on Near or significant Near integration",https://near.org/grants,9/10,"AI-first blockchain perfect for Symphony Manager deployment",Not Applied
Polygon Village Grants,Polygon Labs,2025-03-15,$25000-200000,"Scaling,DeFi,Gaming,Enterprise","Deploy on Polygon or significant usage",https://polygon.technology/village/grants,10/10,"Already deployed Trinity Conductor contracts on Polygon zkEVM",Not Applied
Solana Foundation Grants,Solana Foundation,2025-02-15,$50000-1000000,"DeFi,Gaming,Infrastructure,Mobile","Significant Solana ecosystem contribution",https://solana.org/grants,7/10,"High-performance blockchain for real-time AI consensus",Not Applied
Optimism RetroPGF Round 5,Optimism Collective,2025-05-31,$1000-10000000,"Public Goods,Infrastructure,Community","Demonstrable positive impact on Optimism ecosystem",https://app.optimism.io/retropgf,10/10,"Retroactive funding model perfect for proven AI Symphony impact",Not Applied
Arbitrum STIP Bridge Program,Arbitrum Foundation,2025-01-31,$50000-2000000,"DeFi,Infrastructure,Tooling","Active on Arbitrum with measurable growth metrics",https://forum.arbitrum.foundation/t/stip-bridge-program,6/10,"L2 scaling solution for cost-effective AI operations",Not Applied
Filecoin Foundation Grants,Filecoin Foundation,2025-04-30,$10000-500000,"Storage,Retrieval,Tools,Research","Advance Filecoin ecosystem or storage solutions",https://fil.org/grants,8/10,"Decentralized storage for AI models and training data",Not Applied
Chainlink Community Grants,Chainlink,2025-03-31,$7000-100000,"Oracles,DeFi,Infrastructure,Education","Oracle integration or ecosystem tooling",https://chain.link/community/grants,7/10,"Oracle integration for external AI service quality monitoring",Not Applied
Uniswap Foundation Grants,Uniswap Foundation,2025-02-28,$25000-250000,"DeFi,Analytics,Tooling,Research","Advance DeFi ecosystem or Uniswap protocol",https://unigrants.org,5/10,"Limited relevance unless building DeFi-integrated AI services",Not Applied
Aave Grants DAO,Aave,2025-06-30,$10000-500000,"DeFi,Risk,Analytics,Tooling","Benefit Aave protocol or DeFi ecosystem",https://aavegrants.org,4/10,"Potential for AI-powered risk analysis tools",Not Applied