Organization_Name,Mission,Website,Contact_Email,Contact_Person,Tech_Needs,Current_Tech_Stack,Budget_Range,How_DefuzzyAI_Helps,Alignment_Score,Next_Steps
Code for America,Uses technology to make government services simple and accessible,https://codeforamerica.org,hello@codeforamerica.org,Jennifer Pahlka,AI automation for government services,Ruby on Rails Python React,50000-200000,"AI Symphony can optimize government API costs and improve service routing for citizens",9/10,Email introduction highlighting government cost optimization
Mozilla Foundation,Ensure internet is global public resource open and accessible to all,https://foundation.mozilla.org,hello@mozilla.org,Mark Surman,AI ethics and privacy-preserving systems,Rust JavaScript Python,100000-500000,"Privacy-first AI routing with ZKP integration aligns with Mozilla privacy mission",10/10,Propose collaboration on privacy-preserving AI infrastructure
Electronic Frontier Foundation,Defending civil liberties in digital world,https://eff.org,info@eff.org,Cindy Cohn,Privacy-preserving AI systems and advocacy tools,WordPress Python Django,25000-100000,"AI Symphony ZKP integration demonstrates privacy-first AI deployment",8/10,Present privacy-preserving AI consensus as advocacy tool
Wikimedia Foundation,Free access to sum of human knowledge,https://wikimediafoundation.org,contactus@wikimedia.org,Maryana Iskander,AI content moderation and translation at scale,MediaWiki PHP Python,200000-1000000,"Cost-effective AI for content moderation language translation and knowledge synthesis",9/10,Propose AI cost optimization for Wikipedia's massive scale operations
Internet Archive,Universal access to all knowledge,https://archive.org,info@archive.org,Brewster Kahle,AI for content analysis and preservation,Python Django JavaScript,50000-250000,"AI-powered content analysis and metadata generation with cost optimization",8/10,Highlight cost savings for processing massive digital archives
Creative Commons,Enables sharing and reuse of creativity and knowledge,https://creativecommons.org,info@creativecommons.org,Catherine Stihler,AI tools for license compliance and content analysis,WordPress Python,25000-100000,"AI Symphony can help identify CC-licensed content and optimize licensing workflows",7/10,Propose AI tools for automated license detection and compliance
Free Software Foundation,Promote computer user freedom and defend free software,https://fsf.org,info@fsf.org,John Sullivan,Privacy-respecting AI tools and advocacy,GNU/Linux C Python,10000-50000,"Open source AI Symphony aligns with free software mission and values",9/10,Emphasize open source nature and freedom-respecting AI routing
Tor Project,Advance human rights and freedoms by creating anonymity technologies,https://torproject.org,frontdesk@torproject.org,Isabela Bagueros,Privacy-preserving systems and anonymous AI access,C Python Rust,50000-200000,"AI Symphony ZKP integration provides anonymous AI access preserving user privacy",10/10,Collaborate on anonymous AI routing through Tor network integration
OpenAI Safety Fund,Advance AI safety research and deployment,https://openai.com/safety,safety@openai.org,Lilian Weng,AI safety research and responsible deployment,Python TensorFlow PyTorch,100000-500000,"AI Symphony demonstrates responsible multi-provider routing with safety safeguards",8/10,Present Trinity Conductor as AI safety research platform
Partnership on AI,Study and formulate best practices on AI technologies,https://partnershiponai.org,contact@partnershiponai.org,Terah Lyons,AI ethics research and responsible deployment,Various research tools,50000-200000,"AI Symphony provides real-world testbed for responsible AI routing and optimization",7/10,Propose research collaboration on AI provider fairness and optimization ethics
Khan Academy,Free world-class education for anyone anywhere,https://khanacademy.org,partnerships@khanacademy.org,Sal Khan,AI tutoring and personalized learning systems,JavaScript Python React,100000-500000,"AI Symphony cost optimization enables affordable AI tutoring for global education",9/10,Demo cost-effective AI tutoring with multiple provider optimization
Teach for America,Eliminate educational inequity by enlisting high-achieving college graduates,https://teachforamerica.org,info@teachforamerica.org,Elisa Villanueva Beard,AI tools for teacher training and student support,Salesforce custom tools,75000-300000,"AI-powered teacher training and student assessment with optimized costs",8/10,Present AI cost optimization enabling broader educational AI deployment